{"width":1024,"height":1024,"name":"customer_sprite","imagePath":"customer_sprite_tex.png","SubTexture":[{"y":115,"frameY":-2,"frameWidth":85,"width":81,"frameX":-3,"frameHeight":120,"height":117,"name":"sprite/Armature_animtion0_46","x":165},{"y":462,"frameY":-5,"frameWidth":85,"width":82,"frameX":-2,"frameHeight":120,"height":114,"name":"sprite/Armature_animtion0_09","x":407},{"y":229,"frameY":-4,"frameWidth":85,"width":80,"frameX":-4,"frameHeight":120,"height":115,"name":"sprite/Armature_animtion0_27","x":572},{"y":697,"frameY":-2,"frameWidth":85,"width":81,"frameX":-3,"frameHeight":120,"height":117,"name":"sprite/Armature_animtion0_37","x":163},{"y":0,"frameY":-4,"frameWidth":85,"width":82,"frameX":-2,"frameHeight":120,"height":115,"name":"sprite/Armature_animtion0_14","x":325},{"y":460,"frameY":-4,"frameWidth":85,"width":80,"frameX":-4,"frameHeight":120,"height":116,"name":"sprite/Armature_animtion0_55","x":569},{"y":114,"frameY":-3,"frameWidth":85,"width":80,"frameX":-3,"frameHeight":120,"height":116,"name":"sprite/Armature_animtion0_29","x":492},{"y":814,"frameY":-2,"frameWidth":85,"width":81,"frameX":-3,"frameHeight":120,"height":117,"name":"sprite/Armature_animtion0_34","x":82},{"y":345,"frameY":-3,"frameWidth":85,"width":80,"frameX":-4,"frameHeight":120,"height":117,"name":"sprite/Armature_animtion0_51","x":407},{"y":234,"frameY":-3,"frameWidth":85,"width":82,"frameX":-2,"frameHeight":120,"height":117,"name":"sprite/Armature_animtion0_02","x":0},{"y":460,"frameY":-4,"frameWidth":85,"width":80,"frameX":-4,"frameHeight":120,"height":116,"name":"sprite/Armature_animtion0_56","x":649},{"y":232,"frameY":-4,"frameWidth":85,"width":83,"frameX":-2,"frameHeight":120,"height":115,"name":"sprite/Armature_animtion0_15","x":82},{"y":344,"frameY":-4,"frameWidth":85,"width":80,"frameX":-4,"frameHeight":120,"height":115,"name":"sprite/Armature_animtion0_28","x":648},{"y":345,"frameY":-4,"frameWidth":85,"width":80,"frameX":-4,"frameHeight":120,"height":115,"name":"sprite/Armature_animtion0_26","x":568},{"y":0,"frameY":-3,"frameWidth":85,"width":82,"frameX":-2,"frameHeight":120,"height":117,"name":"sprite/Armature_animtion0_01","x":82},{"y":813,"frameY":-2,"frameWidth":85,"width":81,"frameX":-3,"frameHeight":120,"height":116,"name":"sprite/Armature_animtion0_35","x":244},{"y":345,"frameY":-4,"frameWidth":85,"width":81,"frameX":-3,"frameHeight":120,"height":115,"name":"sprite/Armature_animtion0_19","x":487},{"y":460,"frameY":-3,"frameWidth":85,"width":81,"frameX":-3,"frameHeight":120,"height":116,"name":"sprite/Armature_animtion0_32","x":326},{"y":813,"frameY":-3,"frameWidth":85,"width":81,"frameX":-3,"frameHeight":120,"height":116,"name":"sprite/Armature_animtion0_52","x":325},{"y":0,"frameY":-2,"frameWidth":85,"width":82,"frameX":-3,"frameHeight":120,"height":117,"name":"sprite/Armature_animtion0_44","x":0},{"y":466,"frameY":-4,"frameWidth":85,"width":82,"frameX":-2,"frameHeight":120,"height":115,"name":"sprite/Armature_animtion0_07","x":244},{"y":115,"frameY":-4,"frameWidth":85,"width":82,"frameX":-2,"frameHeight":120,"height":115,"name":"sprite/Armature_animtion0_06","x":328},{"y":230,"frameY":-4,"frameWidth":85,"width":82,"frameX":-2,"frameHeight":120,"height":115,"name":"sprite/Armature_animtion0_13","x":246},{"y":117,"frameY":-2,"frameWidth":85,"width":82,"frameX":-3,"frameHeight":120,"height":117,"name":"sprite/Armature_animtion0_38","x":0},{"y":115,"frameY":-4,"frameWidth":85,"width":82,"frameX":-2,"frameHeight":120,"height":115,"name":"sprite/Armature_animtion0_18","x":246},{"y":585,"frameY":-2,"frameWidth":85,"width":82,"frameX":-3,"frameHeight":120,"height":117,"name":"sprite/Armature_animtion0_40","x":0},{"y":697,"frameY":-2,"frameWidth":85,"width":81,"frameX":-3,"frameHeight":120,"height":117,"name":"sprite/Armature_animtion0_36","x":82},{"y":814,"frameY":-2,"frameWidth":85,"width":81,"frameX":-3,"frameHeight":120,"height":117,"name":"sprite/Armature_animtion0_50","x":163},{"y":581,"frameY":-3,"frameWidth":85,"width":81,"frameX":-3,"frameHeight":120,"height":116,"name":"sprite/Armature_animtion0_33","x":325},{"y":463,"frameY":-2,"frameWidth":85,"width":81,"frameX":-3,"frameHeight":120,"height":117,"name":"sprite/Armature_animtion0_42","x":163},{"y":697,"frameY":-4,"frameWidth":85,"width":81,"frameX":-2,"frameHeight":120,"height":116,"name":"sprite/Armature_animtion0_05","x":325},{"y":347,"frameY":-3,"frameWidth":85,"width":82,"frameX":-3,"frameHeight":120,"height":116,"name":"sprite/Armature_animtion0_00","x":82},{"y":580,"frameY":-2,"frameWidth":85,"width":81,"frameX":-3,"frameHeight":120,"height":117,"name":"sprite/Armature_animtion0_49","x":82},{"y":697,"frameY":-4,"frameWidth":85,"width":81,"frameX":-4,"frameHeight":120,"height":116,"name":"sprite/Armature_animtion0_60","x":244},{"y":809,"frameY":-4,"frameWidth":85,"width":80,"frameX":-4,"frameHeight":120,"height":116,"name":"sprite/Armature_animtion0_58","x":486},{"y":819,"frameY":-3,"frameWidth":85,"width":82,"frameX":-2,"frameHeight":120,"height":117,"name":"sprite/Armature_animtion0_04","x":0},{"y":581,"frameY":-3,"frameWidth":85,"width":81,"frameX":-3,"frameHeight":120,"height":116,"name":"sprite/Armature_animtion0_31","x":244},{"y":230,"frameY":-4,"frameWidth":85,"width":82,"frameX":-2,"frameHeight":120,"height":115,"name":"sprite/Armature_animtion0_10","x":410},{"y":351,"frameY":-2,"frameWidth":85,"width":82,"frameX":-3,"frameHeight":120,"height":117,"name":"sprite/Armature_animtion0_39","x":0},{"y":702,"frameY":-2,"frameWidth":85,"width":82,"frameX":-3,"frameHeight":120,"height":117,"name":"sprite/Armature_animtion0_43","x":0},{"y":0,"frameY":-5,"frameWidth":85,"width":81,"frameX":-3,"frameHeight":120,"height":114,"name":"sprite/Armature_animtion0_23","x":571},{"y":0,"frameY":-5,"frameWidth":85,"width":82,"frameX":-2,"frameHeight":120,"height":114,"name":"sprite/Armature_animtion0_08","x":489},{"y":349,"frameY":-2,"frameWidth":85,"width":81,"frameX":-3,"frameHeight":120,"height":117,"name":"sprite/Armature_animtion0_47","x":244},{"y":230,"frameY":-4,"frameWidth":85,"width":80,"frameX":-4,"frameHeight":120,"height":115,"name":"sprite/Armature_animtion0_24","x":492},{"y":117,"frameY":-4,"frameWidth":85,"width":83,"frameX":-2,"frameHeight":120,"height":115,"name":"sprite/Armature_animtion0_16","x":82},{"y":692,"frameY":-3,"frameWidth":85,"width":80,"frameX":-4,"frameHeight":120,"height":117,"name":"sprite/Armature_animtion0_53","x":486},{"y":230,"frameY":-4,"frameWidth":85,"width":82,"frameX":-3,"frameHeight":120,"height":115,"name":"sprite/Armature_animtion0_20","x":328},{"y":460,"frameY":-4,"frameWidth":85,"width":80,"frameX":-4,"frameHeight":120,"height":116,"name":"sprite/Armature_animtion0_57","x":489},{"y":463,"frameY":-2,"frameWidth":85,"width":81,"frameX":-3,"frameHeight":120,"height":117,"name":"sprite/Armature_animtion0_45","x":82},{"y":576,"frameY":-4,"frameWidth":85,"width":81,"frameX":-3,"frameHeight":120,"height":115,"name":"sprite/Armature_animtion0_21","x":487},{"y":0,"frameY":-4,"frameWidth":85,"width":83,"frameX":-2,"frameHeight":120,"height":115,"name":"sprite/Armature_animtion0_17","x":164},{"y":809,"frameY":-3,"frameWidth":85,"width":80,"frameX":-4,"frameHeight":120,"height":117,"name":"sprite/Armature_animtion0_59","x":406},{"y":115,"frameY":-4,"frameWidth":85,"width":82,"frameX":-3,"frameHeight":120,"height":115,"name":"sprite/Armature_animtion0_22","x":410},{"y":692,"frameY":-3,"frameWidth":85,"width":80,"frameX":-4,"frameHeight":120,"height":117,"name":"sprite/Armature_animtion0_54","x":406},{"y":345,"frameY":-4,"frameWidth":85,"width":82,"frameX":-2,"frameHeight":120,"height":115,"name":"sprite/Armature_animtion0_12","x":325},{"y":468,"frameY":-3,"frameWidth":85,"width":82,"frameX":-2,"frameHeight":120,"height":117,"name":"sprite/Armature_animtion0_03","x":0},{"y":0,"frameY":-4,"frameWidth":85,"width":82,"frameX":-2,"frameHeight":120,"height":115,"name":"sprite/Armature_animtion0_11","x":407},{"y":114,"frameY":-4,"frameWidth":85,"width":80,"frameX":-4,"frameHeight":120,"height":115,"name":"sprite/Armature_animtion0_25","x":572},{"y":576,"frameY":-3,"frameWidth":85,"width":81,"frameX":-3,"frameHeight":120,"height":116,"name":"sprite/Armature_animtion0_30","x":406},{"y":580,"frameY":-2,"frameWidth":85,"width":81,"frameX":-3,"frameHeight":120,"height":117,"name":"sprite/Armature_animtion0_41","x":163},{"y":232,"frameY":-2,"frameWidth":85,"width":81,"frameX":-3,"frameHeight":120,"height":117,"name":"sprite/Armature_animtion0_48","x":165}]}