{"frameRate":24,"name":"customer_sprite","version":"5.5","compatibleVersion":"5.5","armature":[{"type":"Sheet","frameRate":24,"name":"Sprite","aabb":{"x":-0.1,"width":85,"height":120},"bone":[{"name":"root"}],"slot":[{"displayIndex":26,"name":"sheetSlot","parent":"root"}],"skin":[{"slot":[{"name":"sheetSlot","display":[{"name":"sprite/Armature_animtion0_00","transform":{"x":42.4,"y":60}},{"name":"sprite/Armature_animtion0_01","transform":{"x":42.4,"y":60}},{"name":"sprite/Armature_animtion0_60","transform":{"x":42.4,"y":60}},{"name":"sprite/Armature_animtion0_59","transform":{"x":42.4,"y":60}},{"name":"sprite/Armature_animtion0_58","transform":{"x":42.4,"y":60}},{"name":"sprite/Armature_animtion0_57","transform":{"x":42.4,"y":60}},{"name":"sprite/Armature_animtion0_56","transform":{"x":42.4,"y":60}},{"name":"sprite/Armature_animtion0_55","transform":{"x":42.4,"y":60}},{"name":"sprite/Armature_animtion0_54","transform":{"x":42.4,"y":60}},{"name":"sprite/Armature_animtion0_53","transform":{"x":42.4,"y":60}},{"name":"sprite/Armature_animtion0_52","transform":{"x":42.4,"y":60}},{"name":"sprite/Armature_animtion0_51","transform":{"x":42.4,"y":60}},{"name":"sprite/Armature_animtion0_50","transform":{"x":42.4,"y":60}},{"name":"sprite/Armature_animtion0_49","transform":{"x":42.4,"y":60}},{"name":"sprite/Armature_animtion0_48","transform":{"x":42.4,"y":60}},{"name":"sprite/Armature_animtion0_47","transform":{"x":42.4,"y":60}},{"name":"sprite/Armature_animtion0_46","transform":{"x":42.4,"y":60}},{"name":"sprite/Armature_animtion0_45","transform":{"x":42.4,"y":60}},{"name":"sprite/Armature_animtion0_44","transform":{"x":42.4,"y":60}},{"name":"sprite/Armature_animtion0_43","transform":{"x":42.4,"y":60}},{"name":"sprite/Armature_animtion0_42","transform":{"x":42.4,"y":60}},{"name":"sprite/Armature_animtion0_41","transform":{"x":42.4,"y":60}},{"name":"sprite/Armature_animtion0_40","transform":{"x":42.4,"y":60}},{"name":"sprite/Armature_animtion0_39","transform":{"x":42.4,"y":60}},{"name":"sprite/Armature_animtion0_38","transform":{"x":42.4,"y":60}},{"name":"sprite/Armature_animtion0_37","transform":{"x":42.4,"y":60}},{"name":"sprite/Armature_animtion0_36","transform":{"x":42.4,"y":60}},{"name":"sprite/Armature_animtion0_35","transform":{"x":42.4,"y":60}},{"name":"sprite/Armature_animtion0_34","transform":{"x":42.4,"y":60}},{"name":"sprite/Armature_animtion0_33","transform":{"x":42.4,"y":60}},{"name":"sprite/Armature_animtion0_32","transform":{"x":42.4,"y":60}},{"name":"sprite/Armature_animtion0_31","transform":{"x":42.4,"y":60}},{"name":"sprite/Armature_animtion0_30","transform":{"x":42.4,"y":60}},{"name":"sprite/Armature_animtion0_29","transform":{"x":42.4,"y":60}},{"name":"sprite/Armature_animtion0_28","transform":{"x":42.4,"y":60}},{"name":"sprite/Armature_animtion0_27","transform":{"x":42.4,"y":60}},{"name":"sprite/Armature_animtion0_26","transform":{"x":42.4,"y":60}},{"name":"sprite/Armature_animtion0_25","transform":{"x":42.4,"y":60}},{"name":"sprite/Armature_animtion0_24","transform":{"x":42.4,"y":60}},{"name":"sprite/Armature_animtion0_23","transform":{"x":42.4,"y":60}},{"name":"sprite/Armature_animtion0_22","transform":{"x":42.4,"y":60}},{"name":"sprite/Armature_animtion0_21","transform":{"x":42.4,"y":60}},{"name":"sprite/Armature_animtion0_20","transform":{"x":42.4,"y":60}},{"name":"sprite/Armature_animtion0_19","transform":{"x":42.4,"y":60}},{"name":"sprite/Armature_animtion0_18","transform":{"x":42.4,"y":60}},{"name":"sprite/Armature_animtion0_17","transform":{"x":42.4,"y":60}},{"name":"sprite/Armature_animtion0_16","transform":{"x":42.4,"y":60}},{"name":"sprite/Armature_animtion0_15","transform":{"x":42.4,"y":60}},{"name":"sprite/Armature_animtion0_14","transform":{"x":42.4,"y":60}},{"name":"sprite/Armature_animtion0_13","transform":{"x":42.4,"y":60}},{"name":"sprite/Armature_animtion0_12","transform":{"x":42.4,"y":60}},{"name":"sprite/Armature_animtion0_11","transform":{"x":42.4,"y":60}},{"name":"sprite/Armature_animtion0_10","transform":{"x":42.4,"y":60}},{"name":"sprite/Armature_animtion0_09","transform":{"x":42.4,"y":60}},{"name":"sprite/Armature_animtion0_08","transform":{"x":42.4,"y":60}},{"name":"sprite/Armature_animtion0_07","transform":{"x":42.4,"y":60}},{"name":"sprite/Armature_animtion0_06","transform":{"x":42.4,"y":60}},{"name":"sprite/Armature_animtion0_05","transform":{"x":42.4,"y":60}},{"name":"sprite/Armature_animtion0_04","transform":{"x":42.4,"y":60}},{"name":"sprite/Armature_animtion0_03","transform":{"x":42.4,"y":60}},{"name":"sprite/Armature_animtion0_02","transform":{"x":42.4,"y":60}}]}]}],"animation":[{"duration":61,"playTimes":0,"name":"Sprite","slot":[{"name":"sheetSlot","displayFrame":[{},{"value":1},{"value":2},{"value":3},{"value":4},{"value":5},{"value":6},{"value":7},{"value":8},{"value":9},{"value":10},{"value":11},{"value":12},{"value":13},{"value":14},{"value":15},{"value":16},{"value":17},{"value":18},{"value":19},{"value":20},{"value":21},{"value":22},{"value":23},{"value":24},{"value":25},{"value":26},{"value":27},{"value":28},{"value":29},{"value":30},{"value":31},{"value":32},{"value":33},{"value":34},{"value":35},{"value":36},{"value":37},{"value":38},{"value":39},{"value":40},{"value":41},{"value":42},{"value":43},{"value":44},{"value":45},{"value":46},{"value":47},{"value":48},{"value":49},{"value":50},{"value":51},{"value":52},{"value":53},{"value":54},{"value":55},{"value":56},{"value":57},{"value":58},{"value":59},{"value":60}]}]}],"defaultActions":[{"gotoAndPlay":"Sprite"}]}]}