{"width":256,"height":128,"name":"customer","imagePath":"customer_tex.png","SubTexture":[{"width":100,"y":0,"height":120,"name":"customer/Background","x":0},{"width":60,"y":0,"height":68,"name":"customer/body","x":100},{"width":50,"y":68,"height":51,"name":"customer/head","x":100},{"width":16,"y":108,"height":14,"name":"customer/fx1","x":166},{"width":16,"y":108,"height":17,"name":"customer/fx2","x":150},{"width":27,"y":68,"height":40,"name":"customer/face2","x":150},{"width":31,"y":68,"height":29,"name":"customer/face","x":177}]}